filename,relative_path,extension,size_kb,md5_hash
"cmd-image-01.png","docs/assets/images/setup/cmd-image-01.png",".png",7.06,"4e8849906e183e882480b6005bb9f5d6"
"cmd-image-02.png","docs/assets/images/setup/cmd-image-02.png",".png",21.09,"c966ae1f007bd4b292977dfb2e10a872"
"cmdImage01.webp","docs/assets/images/setup/cmdImage01.webp",".webp",6.57,"2d6b8b2ce0d36ecd2c0cb31f11ac03f5"
"cmdImage02.webp","docs/assets/images/setup/cmdImage02.webp",".webp",16.31,"49be7576172df51d402749d898c9041d"
"feature-branch.png","docs/assets/images/setup/feature-branch.png",".png",30.8,"58fc5fd918cec8994890a67f966edf05"
"featureBranch.webp","docs/assets/images/setup/featureBranch.webp",".webp",17.78,"a6802713679cd16a4a7cba433b706181"
"image.webp","docs/assets/images/setup/image.webp",".webp",8.61,"6b9ad340d1ad04fb8eda4d138dde1276"
"my-feature-branch.png","docs/assets/images/setup/my-feature-branch.png",".png",31.84,"f89a002763ef33cfb87373b5eb18345f"
"myFeatureBranch.webp","docs/assets/images/setup/myFeatureBranch.webp",".webp",19.39,"c0b83af973b230f5c622ad87bbd7ff8e"
"pull-request.png","docs/assets/images/setup/pull-request.png",".png",52.85,"9385270aec0f6f688e33881527d91e32"
"pullRequest.webp","docs/assets/images/setup/pullRequest.webp",".webp",34.54,"1dc351e93513d563ce1aad30c0e50a13"
"brand_beaker.webp","frontend/public/icons/brand_beaker.webp",".webp",1.31,"e84e9298ab285d260f7ccc0121220598"
"brand_beanpole.webp","frontend/public/icons/brand_beanpole.webp",".webp",1.33,"85e5658cecb475845ee08d6801125d47"
"brand_canada-goose.webp","frontend/public/icons/brand_canada-goose.webp",".webp",1.01,"0ce39819474c7d7a489a35b47e3741c1"
"brand_cie.webp","frontend/public/icons/brand_cie.webp",".webp",0.58,"bbc05c247d514b8667bcb24358b58f7a"
"brand_comme-des-garcons.webp","frontend/public/icons/brand_comme-des-garcons.webp",".webp",2.41,"d8fc975a12639e10dd7f5dc8ddfb53bb"
"brand_cos.webp","frontend/public/icons/brand_cos.webp",".webp",1.37,"af8d40a3b2a7da71bdb4c7753a20da32"
"brand_departure.webp","frontend/public/icons/brand_departure.webp",".webp",1,"7273642f60d56de530c6631280ba9adc"
"brand_eight-seconds.webp","frontend/public/icons/brand_eight-seconds.webp",".webp",1.78,"1ff9728969873508f3726f5bd56de596"
"brand_galaxy.webp","frontend/public/icons/brand_galaxy.webp",".webp",0.99,"62cd6bbe22576f23c7b15a79ebfc2eb0"
"brand_general-idea.webp","frontend/public/icons/brand_general-idea.webp",".webp",0.76,"3af949a3bb4cebfa2f1f58d133d5c81f"
"brand_hera.webp","frontend/public/icons/brand_hera.webp",".webp",0.67,"54bc254bc1c9fb4f23d743d92cfbeb3f"
"brand_inew-golf.webp","frontend/public/icons/brand_inew-golf.webp",".webp",0.87,"a9c2251272e6a718685ba40e5c16730e"
"brand_issey-miyake.webp","frontend/public/icons/brand_issey-miyake.webp",".webp",1.86,"bacf4c61e108e06578e2fab746cc1bf2"
"brand_kuho.webp","frontend/public/icons/brand_kuho.webp",".webp",0.87,"d060faf21e6b0b90ff223154634b8307"
"brand_le-mouton.webp","frontend/public/icons/brand_le-mouton.webp",".webp",1.3,"8ce168540b7abfb93735cb381c89f9b0"
"brand_maison-kitsune.webp","frontend/public/icons/brand_maison-kitsune.webp",".webp",1.96,"3d8995f3ec4da5d1ec1d74a72c60b89f"
"brand_patagonia.webp","frontend/public/icons/brand_patagonia.webp",".webp",1.36,"baeb5dd52e8e6ae31dd897040440903a"
"brand_rag-and-bone.webp","frontend/public/icons/brand_rag-and-bone.webp",".webp",1.73,"ed7b2d4f35d73d908bbdf7a4a41384e1"
"brand_rogatis.webp","frontend/public/icons/brand_rogatis.webp",".webp",1,"7273642f60d56de530c6631280ba9adc"
"brand_saint-james.webp","frontend/public/icons/brand_saint-james.webp",".webp",0.92,"95ac05c981ea4e4c3126ae9db8f891bf"
"brand_sand-sound.webp","frontend/public/icons/brand_sand-sound.webp",".webp",1.86,"86c2b2a401eaef5cdb6f515652114869"
"brand_sporty-and-rich.webp","frontend/public/icons/brand_sporty-and-rich.webp",".webp",1.57,"fa2a4f64d36e5542f0cb63af09677f23"
"brand_ten-corso-como.webp","frontend/public/icons/brand_ten-corso-como.webp",".webp",4.82,"b013904da6d8887fff6e7010779e008e"
"brand_theory.webp","frontend/public/icons/brand_theory.webp",".webp",0.96,"211cce62f4d6c502215bfae47d7a534e"
"brand_가니.webp","frontend/public/icons/brand_가니.webp",".webp",1.09,"862171865f119b035cd9fa64b746374e"
"brand_갤럭시라이프스타일.webp","frontend/public/icons/brand_갤럭시라이프스타일.webp",".webp",1.99,"3c11baf074e9277de3e109f027a7d7ee"
"brand_구호플러스.webp","frontend/public/icons/brand_구호플러스.webp",".webp",1.44,"50882acc82ad44811c23b9dd341e87f4"
"brand_단톤.webp","frontend/public/icons/brand_단톤.webp",".webp",1.27,"8d36eb26cdee1014248ce32a2d30da47"
"brand_르메르.webp","frontend/public/icons/brand_르메르.webp",".webp",1.03,"6dcf109f32fa1c7a80bed6f71412ad5d"
"brand_르베이지.webp","frontend/public/icons/brand_르베이지.webp",".webp",0.98,"2de693fcb2819b02eeb657dd10e026e8"
"brand_아미.webp","frontend/public/icons/brand_아미.webp",".webp",0.94,"1e56384db90b2e8cf1c1ba13950c004e"
"brand_알투더블유.webp","frontend/public/icons/brand_알투더블유.webp",".webp",0.61,"95d8d953eaa2101eeb4358e5115c365d"
"brand_울랄라.webp","frontend/public/icons/brand_울랄라.webp",".webp",1.16,"d251be0a11667091453bb39b0079b990"
"brand_준지.webp","frontend/public/icons/brand_준지.webp",".webp",0.82,"226b0476b250b5b2fde8ed99fd483744"
"brand_코스.webp","frontend/public/icons/brand_코스.webp",".webp",3.22,"cc67d3ea42d291cd67517867733bf50a"
"brand_타미힐피거.webp","frontend/public/icons/brand_타미힐피거.webp",".webp",0.93,"20864a63628426e012c6ec0e27ec1992"
"brand_토리버치.webp","frontend/public/icons/brand_토리버치.webp",".webp",15.6,"eee20e114e4a1ab61cbd70e4e1fce5d8"
"brand_핏플랍.webp","frontend/public/icons/brand_핏플랍.webp",".webp",0.83,"4c4c5bb93b3c3ecdb9d735348c12047b"
"google.svg","frontend/public/icons/google.svg",".svg",0.74,"02c6f92113da6ab249fedb6c2d8e5ca5"
"kakao.webp","frontend/public/icons/kakao.webp",".webp",3.72,"8cf12fa5c10c66912ac7f8c6bda86824"
"kakaopay.webp","frontend/public/icons/kakaopay.webp",".webp",3.6,"96ab378638dca29e454eea999c063e7e"
"main1.webp","frontend/public/icons/main1.webp",".webp",82.86,"241d65a99d078ecbe96f5eeb6adee3b9"
"main2.webp","frontend/public/icons/main2.webp",".webp",228.73,"ae30c676e6af918547dd4b4882f58b2b"
"main3.webp","frontend/public/icons/main3.webp",".webp",75.77,"66584911736a079f33cd145d4c6bc324"
"main4.webp","frontend/public/icons/main4.webp",".webp",105.24,"9cc369d29371112bc064454afe80e228"
"main5.webp","frontend/public/icons/main5.webp",".webp",50.9,"4646448458bb287a304170631c263b8b"
"main6.webp","frontend/public/icons/main6.webp",".webp",67.56,"6cbf2a55907a65e3de1ba180ae632f3e"
"main7.webp","frontend/public/icons/main7.webp",".webp",142.02,"92470144f27755062dec767efe1f28f7"
"main8.webp","frontend/public/icons/main8.webp",".webp",49.9,"f2f156242213e683adc21d2bb44601ae"
"main9.webp","frontend/public/icons/main9.webp",".webp",202.23,"c368c4fe3c0aa45beed9932020e91d55"
"naver.svg","frontend/public/icons/naver.svg",".svg",0.25,"8a124847b45aa5b2087bdd3653c35f70"
"naverpay.webp","frontend/public/icons/naverpay.webp",".webp",3.57,"d40ffd16a20f83f5cd09711dbb671199"
"qr.webp","frontend/public/icons/qr.webp",".webp",5.49,"f5d422d7bdfe72f6fd527299314c40f8"
"tosspay.webp","frontend/public/icons/tosspay.webp",".webp",3.79,"c6d8815bbf14d9699718762b3c61d2c3"
"구호.webp","frontend/public/icons/구호.webp",".webp",8.25,"8faf4db0371a0c713bb1e7853e630801"
"꼼데가르송.webp","frontend/public/icons/꼼데가르송.webp",".webp",12.05,"c5dc2e5a7c30a68ac8f307a01fed7712"
"띠어리.webp","frontend/public/icons/띠어리.webp",".webp",211.5,"179cd399240dbca463a73e1af6d9e64c"
"비이커.webp","frontend/public/icons/비이커.webp",".webp",14.67,"bf91a0600c10d2cb9c141c136d54bd9a"
"빈폴.webp","frontend/public/icons/빈폴.webp",".webp",218.26,"c7bbd6815f89ceb636ee375029966094"
"에잇세컨드.webp","frontend/public/icons/에잇세컨드.webp",".webp",7.14,"0fb2a5e9897ea07ea201605862a7d476"
"이세이미야케.webp","frontend/public/icons/이세이미야케.webp",".webp",10.96,"aedd925801ebc2bd0e2c722201429a1c"
"코스.webp","frontend/public/icons/코스.webp",".webp",287.12,"3e872f0537cd42957f347c4abc40592f"
"파타고니아.webp","frontend/public/icons/파타고니아.webp",".webp",43.95,"9bcfb3cefb8c22e1c50c5dd2bee5abbd"
"1010207927.webp","frontend/public/images/1010207927.webp",".webp",8.02,"73d1959db009a28b8baecb0ca86edc3f"
"1119019333.webp","frontend/public/images/1119019333.webp",".webp",13.86,"80db20b70a77d5cdf7cbd14402db0d07"
"1176900044.webp","frontend/public/images/1176900044.webp",".webp",9.89,"0ca6139929ed26dbd5b701fc10247c8f"
"1202455836.webp","frontend/public/images/1202455836.webp",".webp",15.09,"764b0eab6aaf34ebb5f2e98b75d9f5a0"
"133835897.webp","frontend/public/images/133835897.webp",".webp",15.81,"16eea9630115ebd644d78d8933d92356"
"1491953271.webp","frontend/public/images/1491953271.webp",".webp",3.78,"a781cd9d84e265205ecc46cac128e8b8"
"1642450336.webp","frontend/public/images/1642450336.webp",".webp",38.82,"594624d87c73b3c2ca922a1ad78ff503"
"216419883.webp","frontend/public/images/216419883.webp",".webp",112.61,"6225bd0c9ed77bb8d84caca5753e44d5"
"3086143679.webp","frontend/public/images/3086143679.webp",".webp",14.8,"ed049d8251b1202ddc9c94c0906deb97"
"3206396286.webp","frontend/public/images/3206396286.webp",".webp",2.51,"198d025aa84db2383ba5851b53e38984"
"3207359177.webp","frontend/public/images/3207359177.webp",".webp",6.67,"2e2cd5d56cc66e6cb67eb7bc5c77ae91"
"3362617750.webp","frontend/public/images/3362617750.webp",".webp",16.64,"dcc7c2ae94b8d4b2a5ed52bfe55562ab"
"357450008.webp","frontend/public/images/357450008.webp",".webp",2.5,"f57f155c967da0694042cfdabab6f659"
"3635466172.webp","frontend/public/images/3635466172.webp",".webp",12.41,"6fafe0f9c97fbd898aeebc0739a2230d"
"3793950654.webp","frontend/public/images/3793950654.webp",".webp",1.86,"ac60fcab6b67789aefa910bb58c26df8"
"3826030000.webp","frontend/public/images/3826030000.webp",".webp",3.68,"52e2240382b2d8d5532ccdecd80cde41"
"3859394708.webp","frontend/public/images/3859394708.webp",".webp",24.35,"3084cb265b51bffe0ec886ce52b293e1"
"521681749.webp","frontend/public/images/521681749.webp",".webp",73.23,"0bc0f2b7eaf80f01e380a997f893625c"
"573690851.webp","frontend/public/images/573690851.webp",".webp",3.07,"4e4607c6b7986c29fb91ba9036ff1b57"
"578281922.webp","frontend/public/images/578281922.webp",".webp",13.86,"80db20b70a77d5cdf7cbd14402db0d07"
"635366670.webp","frontend/public/images/635366670.webp",".webp",4.13,"3f7f0e276c118a6d17a97013724aa641"
"beauty_makeup1.webp","frontend/public/images/beauty/makeup/beauty_makeup1.webp",".webp",34.33,"8237a6816e4befa6d5d63d5f6b0efc53"
"beauty_makeup2.webp","frontend/public/images/beauty/makeup/beauty_makeup2.webp",".webp",10.51,"a1d9183ad65994709c93de82a17d55a5"
"beauty_makeup3.webp","frontend/public/images/beauty/makeup/beauty_makeup3.webp",".webp",8.46,"e74ac32d09fd4b45d7000d4c2728d272"
"beauty_makeup4.webp","frontend/public/images/beauty/makeup/beauty_makeup4.webp",".webp",12.8,"ec375924b35cdbec9804d1f5918cd480"
"beauty_makeup5.webp","frontend/public/images/beauty/makeup/beauty_makeup5.webp",".webp",30.97,"c4645e8288bd4b4761d1b811b9a0f49b"
"beauty_makeup6.webp","frontend/public/images/beauty/makeup/beauty_makeup6.webp",".webp",20.51,"c19037cfbfc10759b5599d0270629f18"
"beauty_new1.webp","frontend/public/images/beauty/new/beauty_new1.webp",".webp",26.56,"1824aa2dcbc5534dd01de72c8c06e052"
"beauty_new2.webp","frontend/public/images/beauty/new/beauty_new2.webp",".webp",14.9,"284402c96e82142670a8b32885dcf508"
"beauty_new3.webp","frontend/public/images/beauty/new/beauty_new3.webp",".webp",63.15,"115b0a4b85c425b8a1e52c56a8117a69"
"beauty_new4.webp","frontend/public/images/beauty/new/beauty_new4.webp",".webp",87.38,"7b94fbd782bfd3f3dc1a67107ac6c9e9"
"beauty_new5.webp","frontend/public/images/beauty/new/beauty_new5.webp",".webp",5.36,"fa473cdcd135d199d35b8ec16f64594c"
"beauty_new6.webp","frontend/public/images/beauty/new/beauty_new6.webp",".webp",82.41,"0741638c84fb7303e263232db35bdfaa"
"beauty_perfume1.webp","frontend/public/images/beauty/perfume/beauty_perfume1.webp",".webp",33.63,"eaeb91398a262e2b87b22f4c0582eaca"
"beauty_perfume2.webp","frontend/public/images/beauty/perfume/beauty_perfume2.webp",".webp",16.79,"ff78eda8556871c2786ad8dd46400125"
"beauty_perfume3.webp","frontend/public/images/beauty/perfume/beauty_perfume3.webp",".webp",24.68,"a1f833e017e4ca0e9fc3e9b2c959ae01"
"beauty_perfume4.webp","frontend/public/images/beauty/perfume/beauty_perfume4.webp",".webp",39.94,"8fc7a5b4eb5e89fa236087bc239e5362"
"beauty_perfume5.webp","frontend/public/images/beauty/perfume/beauty_perfume5.webp",".webp",18.28,"1d74201bf5b5a45d5ba82d91f50e6cff"
"beauty_perfume6.webp","frontend/public/images/beauty/perfume/beauty_perfume6.webp",".webp",44.44,"efd592e235fd0df75861e0d51ea65770"
"beauty_skin1.webp","frontend/public/images/beauty/skin/beauty_skin1.webp",".webp",17.51,"271032a81a357b1eab09e89c38700970"
"beauty_skin2.webp","frontend/public/images/beauty/skin/beauty_skin2.webp",".webp",20.55,"1e9be575a8c0ededb470952d143eb523"
"beauty_skin3.webp","frontend/public/images/beauty/skin/beauty_skin3.webp",".webp",11.8,"bd2447bdaa625d0359609cb1647a637b"
"beauty_skin4.webp","frontend/public/images/beauty/skin/beauty_skin4.webp",".webp",6.71,"53a5fbdb275b08ad7bcb182fcf2682c2"
"beauty_skin5.webp","frontend/public/images/beauty/skin/beauty_skin5.webp",".webp",17.39,"b5f16fd658cca9280d7ac475a42fe5c4"
"beauty_skin6.webp","frontend/public/images/beauty/skin/beauty_skin6.webp",".webp",9.4,"622aaf0272a14abc276d99061c71d4b1"
"brand_beaker.webp","frontend/public/images/brands/brand_beaker.webp",".webp",1.31,"e84e9298ab285d260f7ccc0121220598"
"brand_beanpole.webp","frontend/public/images/brands/brand_beanpole.webp",".webp",1.33,"85e5658cecb475845ee08d6801125d47"
"brand_canada-goose.webp","frontend/public/images/brands/brand_canada-goose.webp",".webp",1.01,"0ce39819474c7d7a489a35b47e3741c1"
"brand_cie.webp","frontend/public/images/brands/brand_cie.webp",".webp",0.58,"bbc05c247d514b8667bcb24358b58f7a"
"brand_comme-des-garcons.webp","frontend/public/images/brands/brand_comme-des-garcons.webp",".webp",2.41,"d8fc975a12639e10dd7f5dc8ddfb53bb"
"brand_cos.webp","frontend/public/images/brands/brand_cos.webp",".webp",1.24,"40b255f9ca8f8733fc4009dcd0a1c690"
"brand_departure.webp","frontend/public/images/brands/brand_departure.webp",".webp",1,"7273642f60d56de530c6631280ba9adc"
"brand_eight-seconds.webp","frontend/public/images/brands/brand_eight-seconds.webp",".webp",1.78,"1ff9728969873508f3726f5bd56de596"
"brand_galaxy.webp","frontend/public/images/brands/brand_galaxy.webp",".webp",0.99,"62cd6bbe22576f23c7b15a79ebfc2eb0"
"brand_general-idea.webp","frontend/public/images/brands/brand_general-idea.webp",".webp",0.76,"3af949a3bb4cebfa2f1f58d133d5c81f"
"brand_hera.webp","frontend/public/images/brands/brand_hera.webp",".webp",0.67,"54bc254bc1c9fb4f23d743d92cfbeb3f"
"brand_inew-golf.webp","frontend/public/images/brands/brand_inew-golf.webp",".webp",0.87,"a9c2251272e6a718685ba40e5c16730e"
"brand_issey-miyake.webp","frontend/public/images/brands/brand_issey-miyake.webp",".webp",1.86,"bacf4c61e108e06578e2fab746cc1bf2"
"brand_kuho.webp","frontend/public/images/brands/brand_kuho.webp",".webp",0.77,"0ecbc1937f88a7ef0b891db05c9e73ab"
"brand_le-mouton.webp","frontend/public/images/brands/brand_le-mouton.webp",".webp",1.3,"8ce168540b7abfb93735cb381c89f9b0"
"brand_maison-kitsune.webp","frontend/public/images/brands/brand_maison-kitsune.webp",".webp",1.96,"3d8995f3ec4da5d1ec1d74a72c60b89f"
"brand_patagonia.webp","frontend/public/images/brands/brand_patagonia.webp",".webp",1.36,"baeb5dd52e8e6ae31dd897040440903a"
"brand_rag-and-bone.webp","frontend/public/images/brands/brand_rag-and-bone.webp",".webp",1.73,"ed7b2d4f35d73d908bbdf7a4a41384e1"
"brand_rogatis.webp","frontend/public/images/brands/brand_rogatis.webp",".webp",1,"7273642f60d56de530c6631280ba9adc"
"brand_saint-james.webp","frontend/public/images/brands/brand_saint-james.webp",".webp",0.92,"95ac05c981ea4e4c3126ae9db8f891bf"
"brand_sand-sound.webp","frontend/public/images/brands/brand_sand-sound.webp",".webp",1.86,"86c2b2a401eaef5cdb6f515652114869"
"brand_sporty-and-rich.webp","frontend/public/images/brands/brand_sporty-and-rich.webp",".webp",1.57,"fa2a4f64d36e5542f0cb63af09677f23"
"brand_ten-corso-como.webp","frontend/public/images/brands/brand_ten-corso-como.webp",".webp",4.82,"b013904da6d8887fff6e7010779e008e"
"brand_theory.webp","frontend/public/images/brands/brand_theory.webp",".webp",0.87,"1ceb8d228e9aa3514bfdbb6dd62ec6c6"
"brand_가니.webp","frontend/public/images/brands/brand_가니.webp",".webp",0.97,"8b2d9203a982cf77d58b9934d03ff7fd"
"brand_갤럭시라이프스타일.webp","frontend/public/images/brands/brand_갤럭시라이프스타일.webp",".webp",1.99,"3c11baf074e9277de3e109f027a7d7ee"
"brand_구호플러스.webp","frontend/public/images/brands/brand_구호플러스.webp",".webp",1.44,"50882acc82ad44811c23b9dd341e87f4"
"brand_단톤.webp","frontend/public/images/brands/brand_단톤.webp",".webp",1.15,"b2aab2fad72214739f14bb308d56b14d"
"brand_르메르.webp","frontend/public/images/brands/brand_르메르.webp",".webp",0.94,"492c59674dede075ea22ffc753030ad1"
"brand_르베이지.webp","frontend/public/images/brands/brand_르베이지.webp",".webp",0.9,"463c2318d88998788e327259f7aa6317"
"brand_아미.webp","frontend/public/images/brands/brand_아미.webp",".webp",0.86,"8002d468c722ce06c16ec6dbb7f9688b"
"brand_알투더블유.webp","frontend/public/images/brands/brand_알투더블유.webp",".webp",0.56,"c2f3c1a91f1a9341c6dfe54f6320f75e"
"brand_울랄라.webp","frontend/public/images/brands/brand_울랄라.webp",".webp",1.05,"831d71f448cf69f495129085de6f9541"
"brand_준지.webp","frontend/public/images/brands/brand_준지.webp",".webp",0.72,"c38c2235b207b9140b343dd144ccafa2"
"brand_코스.webp","frontend/public/images/brands/brand_코스.webp",".webp",3.22,"cc67d3ea42d291cd67517867733bf50a"
"brand_타미힐피거.webp","frontend/public/images/brands/brand_타미힐피거.webp",".webp",0.84,"406a11ee1d749b85ec44f4d432ddbf05"
"brand_토리버치.webp","frontend/public/images/brands/brand_토리버치.webp",".webp",13.82,"450f785d00177ba79c92cc0169524a51"
"brand_핏플랍.webp","frontend/public/images/brands/brand_핏플랍.webp",".webp",0.74,"51a5383a04de04e2dd3b8ccc815ecccc"
"golf_men1.webp","frontend/public/images/golf/men/golf_men1.webp",".webp",6.78,"17c15d84c9a7199b4a6c433de06a0268"
"golf_men2.webp","frontend/public/images/golf/men/golf_men2.webp",".webp",10.67,"b1db545028bcae50a089a10f6d91d918"
"golf_men3.webp","frontend/public/images/golf/men/golf_men3.webp",".webp",19.59,"beb5f3dd89f7a81a8585e14f20ed5947"
"golf_men4.webp","frontend/public/images/golf/men/golf_men4.webp",".webp",7.01,"3e5e3f3a5f4405bd2b198cb7826e1144"
"golf_men5.webp","frontend/public/images/golf/men/golf_men5.webp",".webp",11.83,"82e785e2e24576d1c47aab3f76200bc1"
"golf_men6.webp","frontend/public/images/golf/men/golf_men6.webp",".webp",15.29,"1ab8d42d2f6e3abb632130292f8c4db8"
"golf_new1.webp","frontend/public/images/golf/new/golf_new1.webp",".webp",77.57,"2438ae7c093491e48b7056418d180808"
"golf_new2.webp","frontend/public/images/golf/new/golf_new2.webp",".webp",26.36,"e355f73d2d89bce0123ab9ec0bce40de"
"golf_new3.webp","frontend/public/images/golf/new/golf_new3.webp",".webp",23.48,"0ff6a9db72d9b22f4331bfd18a77502e"
"golf_new4.webp","frontend/public/images/golf/new/golf_new4.webp",".webp",21.83,"502ad77072c9796358816a461633b802"
"golf_new5.webp","frontend/public/images/golf/new/golf_new5.webp",".webp",69.85,"cfee6b1f3b61bd9500c845ebc200299e"
"golf_new6.webp","frontend/public/images/golf/new/golf_new6.webp",".webp",42.29,"098260fd3e4335a7b11fdd569f389140"
"golf_women1.webp","frontend/public/images/golf/women/golf_women1.webp",".webp",11.19,"2dbebf9eca9627f13ae833b3f81c46ab"
"golf_women2.webp","frontend/public/images/golf/women/golf_women2.webp",".webp",38.57,"30081ce9357bfe68b93c37198eccebbf"
"golf_women3.webp","frontend/public/images/golf/women/golf_women3.webp",".webp",7.5,"383420b5146565133ea038c3750c2e37"
"golf_women4.webp","frontend/public/images/golf/women/golf_women4.webp",".webp",17.28,"20f3aeb0ffab58bfece5492d31875935"
"golf_women5.webp","frontend/public/images/golf/women/golf_women5.webp",".webp",29,"33e3a10e3a470c0460386cd0eade047e"
"golf_women6.webp","frontend/public/images/golf/women/golf_women6.webp",".webp",18.88,"066e69cc16bf2da27a9ba506c83afa62"
"kids_baby1.webp","frontend/public/images/kids/baby/kids_baby1.webp",".webp",12.41,"08d3aee90699004cd261e0a5eb3e5919"
"kids_baby2.webp","frontend/public/images/kids/baby/kids_baby2.webp",".webp",13.21,"5215d34f40c1a53df95041c15639447e"
"kids_baby3.webp","frontend/public/images/kids/baby/kids_baby3.webp",".webp",53.43,"d263bbaf9551e1cd879534b5d0b611ce"
"kids_baby4.webp","frontend/public/images/kids/baby/kids_baby4.webp",".webp",5.34,"f438d48f571194f14ea17affc0f4a623"
"kids_baby5.webp","frontend/public/images/kids/baby/kids_baby5.webp",".webp",16.36,"757af16db1f7d5966f3e4b7c520238a4"
"kids_baby6.webp","frontend/public/images/kids/baby/kids_baby6.webp",".webp",5.5,"d0f226760cf85e524cf8d7fb6836b1da"
"kids_boy1.webp","frontend/public/images/kids/boy/kids_boy1.webp",".webp",51.43,"6996341f9f2dbe474b3b256ae9067a20"
"kids_boy2.webp","frontend/public/images/kids/boy/kids_boy2.webp",".webp",27.36,"02fc691d419db6c9fae5e2e2b1ef981d"
"kids_boy3.webp","frontend/public/images/kids/boy/kids_boy3.webp",".webp",21.1,"a331526a78d382bebe307c3e4bf37e91"
"kids_boy4.webp","frontend/public/images/kids/boy/kids_boy4.webp",".webp",27.21,"da6b2e9baff87ccf55c3845f7dd2761e"
"kids_boy5.webp","frontend/public/images/kids/boy/kids_boy5.webp",".webp",46.12,"261ec6a514e5f5614af7f175b48f36b4"
"kids_boy6.webp","frontend/public/images/kids/boy/kids_boy6.webp",".webp",13.21,"5215d34f40c1a53df95041c15639447e"
"kids_girl1.webp","frontend/public/images/kids/girl/kids_girl1.webp",".webp",51.43,"6996341f9f2dbe474b3b256ae9067a20"
"kids_girl2.webp","frontend/public/images/kids/girl/kids_girl2.webp",".webp",27.36,"02fc691d419db6c9fae5e2e2b1ef981d"
"kids_girl3.webp","frontend/public/images/kids/girl/kids_girl3.webp",".webp",22.08,"f2070dc056caf81e254adb97175e5cc5"
"kids_girl4.webp","frontend/public/images/kids/girl/kids_girl4.webp",".webp",27.21,"da6b2e9baff87ccf55c3845f7dd2761e"
"kids_girl5.webp","frontend/public/images/kids/girl/kids_girl5.webp",".webp",46.12,"261ec6a514e5f5614af7f175b48f36b4"
"kids_girl6.webp","frontend/public/images/kids/girl/kids_girl6.webp",".webp",21.79,"cf20d075e213d490ec77d0490226479c"
"kids_new1.webp","frontend/public/images/kids/new/kids_new1.webp",".webp",51.43,"6996341f9f2dbe474b3b256ae9067a20"
"kids_new2.webp","frontend/public/images/kids/new/kids_new2.webp",".webp",27.36,"02fc691d419db6c9fae5e2e2b1ef981d"
"kids_new3.webp","frontend/public/images/kids/new/kids_new3.webp",".webp",12.41,"08d3aee90699004cd261e0a5eb3e5919"
"kids_new4.webp","frontend/public/images/kids/new/kids_new4.webp",".webp",21.1,"a331526a78d382bebe307c3e4bf37e91"
"kids_new5.webp","frontend/public/images/kids/new/kids_new5.webp",".webp",22.08,"f2070dc056caf81e254adb97175e5cc5"
"kids_new6.webp","frontend/public/images/kids/new/kids_new6.webp",".webp",27.21,"da6b2e9baff87ccf55c3845f7dd2761e"
"life_car1.webp","frontend/public/images/life/car/life_car1.webp",".webp",17.66,"bca1ca9f02a4379e87e1bac6a06b6ec3"
"life_car2.webp","frontend/public/images/life/car/life_car2.webp",".webp",4.46,"08f04eeec1bbb5fed5243baf2f5b7451"
"life_car3.webp","frontend/public/images/life/car/life_car3.webp",".webp",19.06,"1f31ae4844bbd0a583770d9e63679864"
"life_car4.webp","frontend/public/images/life/car/life_car4.webp",".webp",44.9,"f6cf034df50421320db6e5b79e2bfb7b"
"life_car5.webp","frontend/public/images/life/car/life_car5.webp",".webp",22.91,"e45b2f1286a6244407af292428d24037"
"life_car6.webp","frontend/public/images/life/car/life_car6.webp",".webp",24.33,"3b6c5172cb931524069127957c8c3d22"
"life_furniture1.webp","frontend/public/images/life/furniture/life_furniture1.webp",".webp",32.19,"ff5f01eae7ef67058249da9b165c4d62"
"life_furniture2.webp","frontend/public/images/life/furniture/life_furniture2.webp",".webp",81.59,"107e73b2c232e5fc548ea6d83d50124d"
"life_furniture3.webp","frontend/public/images/life/furniture/life_furniture3.webp",".webp",10.87,"863b8dfccf4290312bcf191409d0161d"
"life_furniture4.webp","frontend/public/images/life/furniture/life_furniture4.webp",".webp",26.19,"98dd1e3209bb9c502ac9e32c3deb023f"
"life_furniture5.webp","frontend/public/images/life/furniture/life_furniture5.webp",".webp",8.55,"31df7e990712ae5d0f037f6fcb0376b9"
"life_furniture6.webp","frontend/public/images/life/furniture/life_furniture6.webp",".webp",41.38,"f249af9439e53f5d2c8501e2dcc718ce"
"life_new1.webp","frontend/public/images/life/new/life_new1.webp",".webp",32.3,"65be801bbf94fe7180a32f3a1c0bac56"
"life_new2.webp","frontend/public/images/life/new/life_new2.webp",".webp",28.96,"74a268cac56c58eeb6844b9f0ca504e9"
"life_new3.webp","frontend/public/images/life/new/life_new3.webp",".webp",20.65,"6c6a6800f5ac988d37f1946bf14ce4a1"
"life_new4.webp","frontend/public/images/life/new/life_new4.webp",".webp",28.1,"1a09e3510ace265d2a8c56b529440abb"
"life_new5.webp","frontend/public/images/life/new/life_new5.webp",".webp",24.61,"042233e5411efd6805452454f46a5641"
"life_new6.webp","frontend/public/images/life/new/life_new6.webp",".webp",29.29,"b4278fa16175c734c334694ad5b72706"
"life_pet1.webp","frontend/public/images/life/pet/life_pet1.webp",".webp",20.61,"1f48976c37667d723908d61e232e1638"
"life_pet2.webp","frontend/public/images/life/pet/life_pet2.webp",".webp",16.61,"619caa149cf1f29e5fdbefe782673342"
"life_pet3.webp","frontend/public/images/life/pet/life_pet3.webp",".webp",14.17,"e52d38526a2f1e3cdbd6bb0b950050e1"
"life_pet4.webp","frontend/public/images/life/pet/life_pet4.webp",".webp",7.12,"2cc011fa8d2a1ef7ffebc98a491014f7"
"life_pet5.webp","frontend/public/images/life/pet/life_pet5.webp",".webp",13.49,"b975a0d8151b3b2a731573b9038c1049"
"life_pet6.webp","frontend/public/images/life/pet/life_pet6.webp",".webp",7.85,"c78a0c50390eea9d9224d60de335d3ce"
"luxury_men1.webp","frontend/public/images/luxury/men/luxury_men1.webp",".webp",25.71,"c59f41ef2e354310296fe60765d9d4a8"
"luxury_men2.webp","frontend/public/images/luxury/men/luxury_men2.webp",".webp",5.36,"c7d7b7b7588d9877f6c7d89d58570feb"
"luxury_men3.webp","frontend/public/images/luxury/men/luxury_men3.webp",".webp",32.17,"a1251bd686563e153f224769e54636ea"
"luxury_men4.webp","frontend/public/images/luxury/men/luxury_men4.webp",".webp",8.83,"200d34646fbe4f7ee4ef3e37c046fb62"
"luxury_men5.webp","frontend/public/images/luxury/men/luxury_men5.webp",".webp",45.26,"e7b0c3b85ac4cf4cedbc4fcf0c63ea01"
"luxury_men6.webp","frontend/public/images/luxury/men/luxury_men6.webp",".webp",15.4,"0e0ebecf8cf44e9da23531d02cd86b91"
"luxury_new1.webp","frontend/public/images/luxury/new/luxury_new1.webp",".webp",6.24,"e84f51c8165da29dabbc200fa442a02f"
"luxury_new2.webp","frontend/public/images/luxury/new/luxury_new2.webp",".webp",15.32,"96565bde27304f81299028d6fb34c73d"
"luxury_new3.webp","frontend/public/images/luxury/new/luxury_new3.webp",".webp",4.18,"9f45ff17034b132d8cfabec489d50a83"
"luxury_new4.webp","frontend/public/images/luxury/new/luxury_new4.webp",".webp",24.48,"3630ec6a0217685477a6a6fe66e20ac8"
"luxury_new5.webp","frontend/public/images/luxury/new/luxury_new5.webp",".webp",25.98,"3d8739e9d84aba1faf423a004c16b20f"
"luxury_new6.webp","frontend/public/images/luxury/new/luxury_new6.webp",".webp",21.99,"2dd94b2787ac471095d91fb968450f0a"
"luxury_women1.webp","frontend/public/images/luxury/women/luxury_women1.webp",".webp",25.71,"c59f41ef2e354310296fe60765d9d4a8"
"luxury_women2.webp","frontend/public/images/luxury/women/luxury_women2.webp",".webp",5.36,"c7d7b7b7588d9877f6c7d89d58570feb"
"luxury_women3.webp","frontend/public/images/luxury/women/luxury_women3.webp",".webp",32.17,"a1251bd686563e153f224769e54636ea"
"luxury_women4.webp","frontend/public/images/luxury/women/luxury_women4.webp",".webp",45.26,"e7b0c3b85ac4cf4cedbc4fcf0c63ea01"
"luxury_women5.webp","frontend/public/images/luxury/women/luxury_women5.webp",".webp",15.4,"0e0ebecf8cf44e9da23531d02cd86b91"
"luxury_women6.webp","frontend/public/images/luxury/women/luxury_women6.webp",".webp",6,"fdf80d28f976e597d1eb6c405592a2b8"
"men_jacket1.webp","frontend/public/images/men/jacket/men_jacket1.webp",".webp",6.41,"6d1fdb38d4ee0523f557282331f72a80"
"men_jacket2.webp","frontend/public/images/men/jacket/men_jacket2.webp",".webp",16.84,"0fb3a989758cc231e2b5f3355b90ffd9"
"men_jacket3.webp","frontend/public/images/men/jacket/men_jacket3.webp",".webp",14.85,"87e03b7845407b4c5514f6ac08dd3073"
"men_jacket4.webp","frontend/public/images/men/jacket/men_jacket4.webp",".webp",5.14,"ae7b166731e4d00de6e9dc5898e9b692"
"men_jacket5.webp","frontend/public/images/men/jacket/men_jacket5.webp",".webp",6.18,"4b5b24d933a66486e668679dd449597c"
"men_jacket6.webp","frontend/public/images/men/jacket/men_jacket6.webp",".webp",12.37,"18a72726f72ec0a532e2c5437b1c1dd7"
"men_knit1.webp","frontend/public/images/men/knit/men_knit1.webp",".webp",25.71,"c59f41ef2e354310296fe60765d9d4a8"
"men_knit2.webp","frontend/public/images/men/knit/men_knit2.webp",".webp",15.4,"0e0ebecf8cf44e9da23531d02cd86b91"
"men_knit3.webp","frontend/public/images/men/knit/men_knit3.webp",".webp",20.26,"272bb1bd5f62620d94432a24795cc1f5"
"men_knit4.webp","frontend/public/images/men/knit/men_knit4.webp",".webp",6,"fdf80d28f976e597d1eb6c405592a2b8"
"men_knit5.webp","frontend/public/images/men/knit/men_knit5.webp",".webp",5.44,"8d1e54521aaec704355ce807baf98488"
"men_knit6.webp","frontend/public/images/men/knit/men_knit6.webp",".webp",29.61,"c180d7adb008270da7f4a2fc7dfa721c"
"men_new1.webp","frontend/public/images/men/new/men_new1.webp",".webp",21.1,"a331526a78d382bebe307c3e4bf37e91"
"men_new2.webp","frontend/public/images/men/new/men_new2.webp",".webp",29.74,"3f89945563c0ba750c8635dc592aeac4"
"men_new3.webp","frontend/public/images/men/new/men_new3.webp",".webp",14.46,"2badf509ac5ced91edaa97ba5b4483f0"
"men_new4.webp","frontend/public/images/men/new/men_new4.webp",".webp",19.96,"013871a8faef975d1abfb844ebfa4dff"
"men_new5.webp","frontend/public/images/men/new/men_new5.webp",".webp",15.62,"93e7e61e64cb5d5bbf89036345dda7b1"
"men_new6.webp","frontend/public/images/men/new/men_new6.webp",".webp",21.07,"ad413bc10b9cab15e4dd4ff9a6acd871"
"men_pants1.webp","frontend/public/images/men/pants/men_pants1.webp",".webp",19.5,"d3412364222a05830113f3bcaa380e2e"
"men_pants2.webp","frontend/public/images/men/pants/men_pants2.webp",".webp",6.02,"6bd6c13b339a2fef4ac81a966c15b91b"
"men_pants3.webp","frontend/public/images/men/pants/men_pants3.webp",".webp",21.75,"756ce49eb2d37979b8f8ec481b3b76e5"
"men_pants4.webp","frontend/public/images/men/pants/men_pants4.webp",".webp",22.31,"4ce831ec4d7dbc86eab7c3616695dc6e"
"men_pants5.webp","frontend/public/images/men/pants/men_pants5.webp",".webp",80.6,"7ff554af2b2a19f16fd1442e2a15d65e"
"men_pants6.webp","frontend/public/images/men/pants/men_pants6.webp",".webp",29.24,"b9b9cd61b171a839367ff79fd0ad4508"
"men_shirt1.webp","frontend/public/images/men/shirt/men_shirt1.webp",".webp",8.83,"200d34646fbe4f7ee4ef3e37c046fb62"
"men_shirt2.webp","frontend/public/images/men/shirt/men_shirt2.webp",".webp",45.26,"e7b0c3b85ac4cf4cedbc4fcf0c63ea01"
"men_shirt3.webp","frontend/public/images/men/shirt/men_shirt3.webp",".webp",37.12,"75ca009a81bab6cefcabdf9bd37e0843"
"men_shirt4.webp","frontend/public/images/men/shirt/men_shirt4.webp",".webp",42.83,"3e0d71e680c5c5eb9cefc03a1b29b99e"
"men_shirt5.webp","frontend/public/images/men/shirt/men_shirt5.webp",".webp",70.52,"238bb6bd665d974fb5eb46b110eccbee"
"men_shirt6.webp","frontend/public/images/men/shirt/men_shirt6.webp",".webp",43.1,"0890e6fd5902fee760504d54d1a38fb9"
"men_suit1.webp","frontend/public/images/men/suit/men_suit1.webp",".webp",12.85,"46502e0f13846e0ad0dcc7d24ab97da7"
"men_suit2.webp","frontend/public/images/men/suit/men_suit2.webp",".webp",7.58,"1e11ecb728eb36f962778ed275655ddd"
"men_suit3.webp","frontend/public/images/men/suit/men_suit3.webp",".webp",10.47,"18a19b5d6ca5a71b107d7cb173001038"
"men_suit4.webp","frontend/public/images/men/suit/men_suit4.webp",".webp",13.1,"cb78d3bdc32ca6ba95840a52efe45359"
"men_suit5.webp","frontend/public/images/men/suit/men_suit5.webp",".webp",7.59,"7faebe34970408702eb75b8d00262a05"
"men_suit6.webp","frontend/public/images/men/suit/men_suit6.webp",".webp",14.86,"b14d92c83f016c50b8a509a85dbbfec4"
"men_tshirt1.webp","frontend/public/images/men/tshirt/men_tshirt1.webp",".webp",5.36,"c7d7b7b7588d9877f6c7d89d58570feb"
"men_tshirt2.webp","frontend/public/images/men/tshirt/men_tshirt2.webp",".webp",26.85,"0870eeb7d49ad1e5a9545c90eb04d5b2"
"men_tshirt3.webp","frontend/public/images/men/tshirt/men_tshirt3.webp",".webp",32.17,"a1251bd686563e153f224769e54636ea"
"men_tshirt4.webp","frontend/public/images/men/tshirt/men_tshirt4.webp",".webp",13.21,"3156e9d6db007b1cb9ed6b31718cddba"
"men_tshirt5.webp","frontend/public/images/men/tshirt/men_tshirt5.webp",".webp",13.38,"102dd66d7697f908ffa600e717c5de64"
"men_tshirt6.webp","frontend/public/images/men/tshirt/men_tshirt6.webp",".webp",10,"65773e08a116686dcde8c2502b3a3424"
"outlet_golf1.webp","frontend/public/images/outlet/golf/outlet_golf1.webp",".webp",13.83,"a180654667832cea3c340d80f4b8288a"
"outlet_golf2.webp","frontend/public/images/outlet/golf/outlet_golf2.webp",".webp",19.42,"e2263f0964bd6d30b5a7dbdb136210cf"
"outlet_golf3.webp","frontend/public/images/outlet/golf/outlet_golf3.webp",".webp",14.91,"37d5d7c5c6eb7f75eff963ee5d325ff1"
"outlet_golf4.webp","frontend/public/images/outlet/golf/outlet_golf4.webp",".webp",13.95,"e691115428a25b31dee26272a0e8b0f8"
"outlet_golf5.webp","frontend/public/images/outlet/golf/outlet_golf5.webp",".webp",23.85,"064d149faa38d9430dd6da37dfafdc57"
"outlet_golf6.webp","frontend/public/images/outlet/golf/outlet_golf6.webp",".webp",14.08,"9b9272aa11313509d2b665b74386298c"
"outlet_kids1.webp","frontend/public/images/outlet/kids/outlet_kids1.webp",".webp",16.18,"63ba343929b4be373cfa4e790f09f691"
"outlet_kids2.webp","frontend/public/images/outlet/kids/outlet_kids2.webp",".webp",28.96,"4334a8a1830785acc68f17449e792be0"
"outlet_kids3.webp","frontend/public/images/outlet/kids/outlet_kids3.webp",".webp",32,"9df24b66aa940b3f7d9a284a653f5cfd"
"outlet_kids4.webp","frontend/public/images/outlet/kids/outlet_kids4.webp",".webp",16.44,"71508f51c4c296ddc4387c5dde30fe04"
"outlet_kids5.webp","frontend/public/images/outlet/kids/outlet_kids5.webp",".webp",21.15,"0441e17e6278982edef853e9fa884376"
"outlet_kids6.webp","frontend/public/images/outlet/kids/outlet_kids6.webp",".webp",18.02,"c44802fb8a33b662d95090084a350a5c"
"outlet_life1.webp","frontend/public/images/outlet/life/outlet_life1.webp",".webp",10.81,"e56bbd00df2552808df0e00c4617f84e"
"outlet_life2.webp","frontend/public/images/outlet/life/outlet_life2.webp",".webp",25.36,"6869c246e310e98a104c29a3dcbc9afc"
"outlet_life3.webp","frontend/public/images/outlet/life/outlet_life3.webp",".webp",5.96,"ee2e8200fc4d9b7363517983e3280a1d"
"outlet_life4.webp","frontend/public/images/outlet/life/outlet_life4.webp",".webp",19.83,"0c6a77b493da68d74dfb1da4c9848ddf"
"outlet_life5.webp","frontend/public/images/outlet/life/outlet_life5.webp",".webp",18.88,"acb8f4875357f3fa50e557d071e8a062"
"outlet_life6.webp","frontend/public/images/outlet/life/outlet_life6.webp",".webp",6.83,"0cb81495c02eccd8bd92c1924162c1a1"
"outlet_luxury1.webp","frontend/public/images/outlet/luxury/outlet_luxury1.webp",".webp",8.76,"c1edf9923700ce924bc4ecc1fc3ff896"
"outlet_luxury2.webp","frontend/public/images/outlet/luxury/outlet_luxury2.webp",".webp",13.21,"313eb6816f06a70816302a2982bd57c7"
"outlet_luxury3.webp","frontend/public/images/outlet/luxury/outlet_luxury3.webp",".webp",10.81,"362f45e4b6bbc4e29b8f4371238278e8"
"outlet_luxury4.webp","frontend/public/images/outlet/luxury/outlet_luxury4.webp",".webp",15.14,"13a1cfdcc8e83b2875a53e540784631b"
"outlet_luxury5.webp","frontend/public/images/outlet/luxury/outlet_luxury5.webp",".webp",5.58,"14e3485328bac36f762970476cbc1165"
"outlet_luxury6.webp","frontend/public/images/outlet/luxury/outlet_luxury6.webp",".webp",7.24,"8c156abf05bcc5392f51ecdcd09d5f24"
"outlet_men1.webp","frontend/public/images/outlet/men/outlet_men1.webp",".webp",22.14,"0cf667c92f33b58622ec60eac419cdf9"
"outlet_men2.webp","frontend/public/images/outlet/men/outlet_men2.webp",".webp",29.77,"34f6ddd017f05596a2f44232b47742cd"
"outlet_men3.webp","frontend/public/images/outlet/men/outlet_men3.webp",".webp",20.07,"8a1ae8c0217b5bd8d79abf4c3455f633"
"outlet_men4.webp","frontend/public/images/outlet/men/outlet_men4.webp",".webp",23.79,"dca0126420947113b296852a0b2ff837"
"outlet_men5.webp","frontend/public/images/outlet/men/outlet_men5.webp",".webp",15.46,"bdb295b4f40b2fda0287363d80324ecc"
"outlet_men6.webp","frontend/public/images/outlet/men/outlet_men6.webp",".webp",18.92,"92592eeda740ae5c0940426cc649ab9c"
"outlet_shoes1.webp","frontend/public/images/outlet/shoes/outlet_shoes1.webp",".webp",9.38,"efff621a2d00adcc6a2e6d4c95b3245f"
"outlet_shoes2.webp","frontend/public/images/outlet/shoes/outlet_shoes2.webp",".webp",9.35,"88be95da172d5b1cc29fad7f94c83492"
"outlet_shoes3.webp","frontend/public/images/outlet/shoes/outlet_shoes3.webp",".webp",7.1,"5b91ac8de8b3bff8d63bd26957372eb6"
"outlet_shoes4.webp","frontend/public/images/outlet/shoes/outlet_shoes4.webp",".webp",13.52,"5c45f70f54034951bb52ac6fbcb00f2e"
"outlet_shoes5.webp","frontend/public/images/outlet/shoes/outlet_shoes5.webp",".webp",10.31,"e0c513c01dc1d342f1eda23a1c798cbc"
"outlet_shoes6.webp","frontend/public/images/outlet/shoes/outlet_shoes6.webp",".webp",40.01,"14f5bfea20cc8f1d093addf8b7b3208d"
"outlet_sports1.webp","frontend/public/images/outlet/sports/outlet_sports1.webp",".webp",6.17,"4b092731df2246a2d1813c6e807af63f"
"outlet_sports2.webp","frontend/public/images/outlet/sports/outlet_sports2.webp",".webp",19.95,"3d2b626046b6967c72fb3c7631bc07a7"
"outlet_sports3.webp","frontend/public/images/outlet/sports/outlet_sports3.webp",".webp",10.11,"3aae2f3e3bd1ed267beda32820c9215c"
"outlet_sports4.webp","frontend/public/images/outlet/sports/outlet_sports4.webp",".webp",29.78,"075c26e3f1dadcef54a9d81279bf72a6"
"outlet_sports5.webp","frontend/public/images/outlet/sports/outlet_sports5.webp",".webp",8.79,"f58f19f802e8b97ee6278bffc84a9cde"
"outlet_sports6.webp","frontend/public/images/outlet/sports/outlet_sports6.webp",".webp",10.09,"588f7c0d0a34bbb2feeb04cecf78d1ff"
"outlet_women1.webp","frontend/public/images/outlet/women/outlet_women1.webp",".webp",10.49,"02f06e89974487e1081f7876ecf60e86"
"outlet_women2.webp","frontend/public/images/outlet/women/outlet_women2.webp",".webp",12.83,"a5f6811383789dbb2b2b3df193e49ab9"
"outlet_women3.webp","frontend/public/images/outlet/women/outlet_women3.webp",".webp",11.26,"9f565d7963d55f14326344376f53029f"
"outlet_women4.webp","frontend/public/images/outlet/women/outlet_women4.webp",".webp",11.13,"96e8285b76b4a7daf1bef22eb7975600"
"outlet_women5.webp","frontend/public/images/outlet/women/outlet_women5.webp",".webp",35.37,"1304210ff8b0b059759246ce5195dc05"
"outlet_women6.webp","frontend/public/images/outlet/women/outlet_women6.webp",".webp",16.69,"e4e5498bde0d7b6fa9a350c6bf776fa4"
"shoes_men1.webp","frontend/public/images/shoes/men/shoes_men1.webp",".webp",9.64,"0c0a948119eec7013d8bb68596f2f254"
"shoes_men2.webp","frontend/public/images/shoes/men/shoes_men2.webp",".webp",27.84,"f4069fdabf86340fb164000794a82744"
"shoes_men3.webp","frontend/public/images/shoes/men/shoes_men3.webp",".webp",9.72,"71c4c285de91418198192641e16a5e61"
"shoes_men4.webp","frontend/public/images/shoes/men/shoes_men4.webp",".webp",17.05,"1ade601460dd3eb052e63e7cd7aa25ef"
"shoes_men5.webp","frontend/public/images/shoes/men/shoes_men5.webp",".webp",17.49,"6611a2829fff2bc2d3a4a85be3240963"
"shoes_men6.webp","frontend/public/images/shoes/men/shoes_men6.webp",".webp",18.19,"915ed1ef49ed3ad479fda1559c5a7e1e"
"shoes_new1.webp","frontend/public/images/shoes/new/shoes_new1.webp",".webp",4.49,"7163110c17c71547bfe9afe3122d67e6"
"shoes_new2.webp","frontend/public/images/shoes/new/shoes_new2.webp",".webp",22.55,"e63534f2429ae3a7b816941c1720025c"
"shoes_new3.webp","frontend/public/images/shoes/new/shoes_new3.webp",".webp",12.9,"f723533274b783af368d0720303175df"
"shoes_new4.webp","frontend/public/images/shoes/new/shoes_new4.webp",".webp",6.14,"c8b587ed3395b317e8c3c870f6a4872c"
"shoes_new5.webp","frontend/public/images/shoes/new/shoes_new5.webp",".webp",7.94,"a401eeb7f31e3afc98f2c1477df6d3ab"
"shoes_new6.webp","frontend/public/images/shoes/new/shoes_new6.webp",".webp",19.62,"9194396641db8e9b716f09d32b0494b4"
"shoes_women1.webp","frontend/public/images/shoes/women/shoes_women1.webp",".webp",31.79,"8f4b0e14f6bed1ed5a13c72fbc5dbf6e"
"shoes_women2.webp","frontend/public/images/shoes/women/shoes_women2.webp",".webp",33.21,"011e8b1916c19569b04db69bf32282f1"
"shoes_women3.webp","frontend/public/images/shoes/women/shoes_women3.webp",".webp",17.09,"a646f821f347e9bcbc6733799a67d78a"
"shoes_women4.webp","frontend/public/images/shoes/women/shoes_women4.webp",".webp",10.39,"0a8c8f686a1b207123ded72463d2974f"
"shoes_women5.webp","frontend/public/images/shoes/women/shoes_women5.webp",".webp",5.74,"f493940091ef72999c52f3aff0c68e7d"
"shoes_women6.webp","frontend/public/images/shoes/women/shoes_women6.webp",".webp",18.19,"915ed1ef49ed3ad479fda1559c5a7e1e"
"sports_fitness1.webp","frontend/public/images/sports/fitness/sports_fitness1.webp",".webp",16.04,"5d9b021923efa6d8e357b45de4e1df4d"
"sports_fitness2.webp","frontend/public/images/sports/fitness/sports_fitness2.webp",".webp",12.85,"2d944e3658df27c8e5575372e2f3a247"
"sports_fitness3.webp","frontend/public/images/sports/fitness/sports_fitness3.webp",".webp",12.98,"5ee273b997e5ebe132a5cf8d5ee863c6"
"sports_fitness4.webp","frontend/public/images/sports/fitness/sports_fitness4.webp",".webp",14.43,"36df17f8fc21384fedff19e5f688b1f8"
"sports_fitness5.webp","frontend/public/images/sports/fitness/sports_fitness5.webp",".webp",11.19,"d0fc58c233a5d79b5607a27e909fb93f"
"sports_fitness6.webp","frontend/public/images/sports/fitness/sports_fitness6.webp",".webp",15.18,"53abaa367f23345b99d56821ad291865"
"sports_new1.webp","frontend/public/images/sports/new/sports_new1.webp",".webp",6.77,"95c98982df17ebbbcd99c2fc13b47394"
"sports_new2.webp","frontend/public/images/sports/new/sports_new2.webp",".webp",8.8,"5f07c4d7786a368e3d29490c903bc711"
"sports_new3.webp","frontend/public/images/sports/new/sports_new3.webp",".webp",8.71,"24c1d83bce639ebc68718f485a6805e0"
"sports_new4.webp","frontend/public/images/sports/new/sports_new4.webp",".webp",5.52,"28ccafef4880b1c6264a1d1092c922ac"
"sports_new5.webp","frontend/public/images/sports/new/sports_new5.webp",".webp",10.14,"cf11d9fbd43ed0951c3dd7c8742beb7a"
"sports_new6.webp","frontend/public/images/sports/new/sports_new6.webp",".webp",5.37,"fcd307ee2f552ef369c9e89374595c59"
"sports_outdoor1.webp","frontend/public/images/sports/outdoor/sports_outdoor1.webp",".webp",10.06,"734a77d5b5f8558f27077b33e4461f20"
"sports_outdoor2.webp","frontend/public/images/sports/outdoor/sports_outdoor2.webp",".webp",19.21,"62ae82dbafd8cac8199139afd95cd4d9"
"sports_outdoor3.webp","frontend/public/images/sports/outdoor/sports_outdoor3.webp",".webp",6.08,"ba617ee65220d54a7c02493c3f88e525"
"sports_outdoor4.webp","frontend/public/images/sports/outdoor/sports_outdoor4.webp",".webp",13.33,"52677015cd06230fcb47eda38367d797"
"sports_outdoor5.webp","frontend/public/images/sports/outdoor/sports_outdoor5.webp",".webp",8.92,"8ffef17691469771596ad19e00360d6f"
"sports_outdoor6.webp","frontend/public/images/sports/outdoor/sports_outdoor6.webp",".webp",19.08,"bbb718b74aaf6c56281ef63ce8cc6a82"
"sports_running1.webp","frontend/public/images/sports/running/sports_running1.webp",".webp",12.38,"00c1519d76fe898e3c81023979a2e16a"
"sports_running2.webp","frontend/public/images/sports/running/sports_running2.webp",".webp",10.89,"79433dc3f597be97a4b7724ebd201fae"
"sports_running3.webp","frontend/public/images/sports/running/sports_running3.webp",".webp",21.66,"ba4ee83ed78fdfd7d33d1f17d560c0c7"
"sports_running4.webp","frontend/public/images/sports/running/sports_running4.webp",".webp",19.26,"19c43ed0779b3be35bf2aff5589cdeb4"
"sports_running5.webp","frontend/public/images/sports/running/sports_running5.webp",".webp",15.63,"7350583fdb4a057186ffd4fea913cc3d"
"sports_running6.webp","frontend/public/images/sports/running/sports_running6.webp",".webp",16.11,"391b658f7c81ec52b9ee03ba45c74503"
"sports_swim1.webp","frontend/public/images/sports/swim/sports_swim1.webp",".webp",28.66,"9397580b4558bd3227e8835868cfa178"
"sports_swim2.webp","frontend/public/images/sports/swim/sports_swim2.webp",".webp",8.72,"8976737d8233356ecc561b757e981cd0"
"sports_swim3.webp","frontend/public/images/sports/swim/sports_swim3.webp",".webp",7.97,"dbab771a559c15e706e60321c96e52dc"
"sports_swim4.webp","frontend/public/images/sports/swim/sports_swim4.webp",".webp",8.61,"fa95a179fb4630e5d9b8e1717ed79948"
"sports_swim5.webp","frontend/public/images/sports/swim/sports_swim5.webp",".webp",22.58,"24e418b89c35b9940de58bbc25441eed"
"sports_swim6.webp","frontend/public/images/sports/swim/sports_swim6.webp",".webp",8.07,"a6533138262ae51b1dc5b5ac74c04cac"
"sports_tennis1.webp","frontend/public/images/sports/tennis/sports_tennis1.webp",".webp",9.03,"b226ef24d109c8998327ef2ba3263180"
"sports_tennis2.webp","frontend/public/images/sports/tennis/sports_tennis2.webp",".webp",11.42,"42e883e5988f7bbfb3a8e35763e9184d"
"sports_tennis3.webp","frontend/public/images/sports/tennis/sports_tennis3.webp",".webp",13.48,"c93ec1fe94c2b75bb5ae0549658ea6b3"
"sports_tennis4.webp","frontend/public/images/sports/tennis/sports_tennis4.webp",".webp",31.87,"671eafd8c20ce93617d52cf98d9352f0"
"sports_tennis5.webp","frontend/public/images/sports/tennis/sports_tennis5.webp",".webp",4.29,"0acec7f4aa653f2fca471037fc75d8da"
"sports_tennis6.webp","frontend/public/images/sports/tennis/sports_tennis6.webp",".webp",6.03,"a9a02c2eeb5f0aece4044ca792115c7c"
"sports_yoga1.webp","frontend/public/images/sports/yoga/sports_yoga1.webp",".webp",12.85,"2d944e3658df27c8e5575372e2f3a247"
"sports_yoga2.webp","frontend/public/images/sports/yoga/sports_yoga2.webp",".webp",13.59,"852df3a119ebdcee79c62cdad2d78cec"
"sports_yoga3.webp","frontend/public/images/sports/yoga/sports_yoga3.webp",".webp",15.46,"b185d4a88618b114423dd91fdb96d92c"
"sports_yoga4.webp","frontend/public/images/sports/yoga/sports_yoga4.webp",".webp",8.76,"cf15644ccac4abd2871fbf616d8a9eb7"
"sports_yoga5.webp","frontend/public/images/sports/yoga/sports_yoga5.webp",".webp",15.74,"aa8387d8c5e19c09b5042e0fb27d2d56"
"sports_yoga6.webp","frontend/public/images/sports/yoga/sports_yoga6.webp",".webp",8.76,"cf15644ccac4abd2871fbf616d8a9eb7"
"women_jacket1.webp","frontend/public/images/women/jacket/women_jacket1.webp",".webp",78.68,"6f6877798ae01a74e4a44a22fea05634"
"women_jacket2.webp","frontend/public/images/women/jacket/women_jacket2.webp",".webp",12.45,"6b2838d73cf2afdfc800bff480c366b1"
"women_jacket3.webp","frontend/public/images/women/jacket/women_jacket3.webp",".webp",19.24,"c575da6477710e09ddc0418ad0051b01"
"women_jacket4.webp","frontend/public/images/women/jacket/women_jacket4.webp",".webp",10.38,"1b486fead8b6ce2b4415d359b37959e9"
"women_jacket5.webp","frontend/public/images/women/jacket/women_jacket5.webp",".webp",38.25,"84194cce90f9bb4aa61f3523c4d06d3d"
"women_jacket6.webp","frontend/public/images/women/jacket/women_jacket6.webp",".webp",5.33,"8ce45ea851560fe160ff2cd9c209ec0b"
"women_knit1.webp","frontend/public/images/women/knit/women_knit1.webp",".webp",33.62,"bc23c012b86a91cc0939a193bce68b89"
"women_knit2.webp","frontend/public/images/women/knit/women_knit2.webp",".webp",39.07,"79f3422e310219824b82c1689d698de6"
"women_knit3.webp","frontend/public/images/women/knit/women_knit3.webp",".webp",36.61,"70991382833b10130c4aaae3810c8356"
"women_knit4.webp","frontend/public/images/women/knit/women_knit4.webp",".webp",18.49,"484ec2bd9652e2d7f42dcc2aa2c92164"
"women_knit5.webp","frontend/public/images/women/knit/women_knit5.webp",".webp",25.71,"c59f41ef2e354310296fe60765d9d4a8"
"women_knit6.webp","frontend/public/images/women/knit/women_knit6.webp",".webp",47.25,"a4108d30a95393a2873c3ccc2571872f"
"women_new1.webp","frontend/public/images/women/new/women_new1.webp",".webp",3.34,"9ca74a05d462c34698f13735185ca4fd"
"women_new2.webp","frontend/public/images/women/new/women_new2.webp",".webp",10.43,"22e58ca2019d82a2bdf6fc7733d5e2d6"
"women_new3.webp","frontend/public/images/women/new/women_new3.webp",".webp",5.08,"e24f9db20215a2c1a550d0332804f894"
"women_new4.webp","frontend/public/images/women/new/women_new4.webp",".webp",3.85,"f8902c23f2d81dba5e4e6a8b71f37241"
"women_new5.webp","frontend/public/images/women/new/women_new5.webp",".webp",5.49,"c7fcfdbf3c50b5e35c33c8c9d110bff7"
"women_new6.webp","frontend/public/images/women/new/women_new6.webp",".webp",4.82,"5683ad404383393b8739d8f1f3e7d639"
"women_onepiece1.webp","frontend/public/images/women/onepiece/women_onepiece1.webp",".webp",11.9,"b1ec93c7c615caf9f244df00d97b2bc3"
"women_onepiece2.webp","frontend/public/images/women/onepiece/women_onepiece2.webp",".webp",9.71,"78a16d680179948975a336b783f7cfdd"
"women_onepiece3.webp","frontend/public/images/women/onepiece/women_onepiece3.webp",".webp",9.79,"9c2a012a7727de9cd5d8da2421c4214d"
"women_onepiece4.webp","frontend/public/images/women/onepiece/women_onepiece4.webp",".webp",32.69,"19e5df4a9b64ab9550c8aa09cd9ca9f0"
"women_onepiece5.webp","frontend/public/images/women/onepiece/women_onepiece5.webp",".webp",97.51,"d3487acd7945f843ccb1e5af213681d5"
"women_onepiece6.webp","frontend/public/images/women/onepiece/women_onepiece6.webp",".webp",5.95,"05b1d0c5fab617314fb1ef90ab8ff2f1"
"women_outer1.webp","frontend/public/images/women/outer/women_outer1.webp",".webp",78.68,"6f6877798ae01a74e4a44a22fea05634"
"women_outer2.webp","frontend/public/images/women/outer/women_outer2.webp",".webp",45.87,"b86eebdd70dfc751f0782bb242cb0a08"
"women_outer3.webp","frontend/public/images/women/outer/women_outer3.webp",".webp",12.45,"6b2838d73cf2afdfc800bff480c366b1"
"women_outer4.webp","frontend/public/images/women/outer/women_outer4.webp",".webp",19.24,"c575da6477710e09ddc0418ad0051b01"
"women_outer5.webp","frontend/public/images/women/outer/women_outer5.webp",".webp",25.79,"fd8413f046329e4dced886ebb42e4b73"
"women_outer6.webp","frontend/public/images/women/outer/women_outer6.webp",".webp",32.98,"ddf45cfe4245802ced042e15b25659ce"
"women_pants1.webp","frontend/public/images/women/pants/women_pants1.webp",".webp",44.56,"d47fe58b36f1d51eb1c1ea36e79df02b"
"women_pants2.webp","frontend/public/images/women/pants/women_pants2.webp",".webp",11.56,"ea9dfa6d0112682d1e0a39ca65879d63"
"women_pants3.webp","frontend/public/images/women/pants/women_pants3.webp",".webp",35.88,"eb6b93bacf3ab27aafa1c969557b1eab"
"women_pants4.webp","frontend/public/images/women/pants/women_pants4.webp",".webp",24.12,"f929686844484e92ed686d3fbfcc4e3d"
"women_pants5.webp","frontend/public/images/women/pants/women_pants5.webp",".webp",17.25,"7dad0e1b1f27f7b0df081bd16438411b"
"women_pants6.webp","frontend/public/images/women/pants/women_pants6.webp",".webp",28.56,"a204c17f84b0d8d44811c6c009e987e8"
"women_shirt1.webp","frontend/public/images/women/shirt/women_shirt1.webp",".webp",45.26,"e7b0c3b85ac4cf4cedbc4fcf0c63ea01"
"women_shirt2.webp","frontend/public/images/women/shirt/women_shirt2.webp",".webp",44.46,"d00815e1d4400ff5e6d6dd727fe87f0d"
"women_shirt3.webp","frontend/public/images/women/shirt/women_shirt3.webp",".webp",25.71,"4d1ded5557d73b7d4d3738e96b019e05"
"women_shirt4.webp","frontend/public/images/women/shirt/women_shirt4.webp",".webp",32.82,"e0b441d5987ba0ffd92c41bbda58c557"
"women_shirt5.webp","frontend/public/images/women/shirt/women_shirt5.webp",".webp",37.29,"0a0334eb3f704b63ed8c94c1efdf748e"
"women_shirt6.webp","frontend/public/images/women/shirt/women_shirt6.webp",".webp",13.34,"80f08d87c05c67d222760af470c02b74"
"women_skirt1.webp","frontend/public/images/women/skirt/women_skirt1.webp",".webp",34.84,"b35ffe37f49b18bf3cac9cc4475c9724"
"women_skirt2.webp","frontend/public/images/women/skirt/women_skirt2.webp",".webp",17.96,"23d1390b6d9ffc974adf6b30253bfd46"
"women_skirt3.webp","frontend/public/images/women/skirt/women_skirt3.webp",".webp",24.12,"f929686844484e92ed686d3fbfcc4e3d"
"women_skirt4.webp","frontend/public/images/women/skirt/women_skirt4.webp",".webp",25.71,"4d1ded5557d73b7d4d3738e96b019e05"
"women_skirt5.webp","frontend/public/images/women/skirt/women_skirt5.webp",".webp",20.62,"a71c6a997ea3577be622ad4a3d8d40a5"
"women_skirt6.webp","frontend/public/images/women/skirt/women_skirt6.webp",".webp",13.15,"4772e7e9a1bb505402d0f4e28a01ba83"
"women_tshirt1.webp","frontend/public/images/women/tshirt/women_tshirt1.webp",".webp",23.67,"ea82b54fadd3eda31c44fe705f4cbb71"
"women_tshirt2.webp","frontend/public/images/women/tshirt/women_tshirt2.webp",".webp",5.36,"c7d7b7b7588d9877f6c7d89d58570feb"
"women_tshirt3.webp","frontend/public/images/women/tshirt/women_tshirt3.webp",".webp",26.85,"0870eeb7d49ad1e5a9545c90eb04d5b2"
"women_tshirt4.webp","frontend/public/images/women/tshirt/women_tshirt4.webp",".webp",51.68,"7a886fe848a45c44d8fbf78d9600e189"
"women_tshirt5.webp","frontend/public/images/women/tshirt/women_tshirt5.webp",".webp",32.17,"a1251bd686563e153f224769e54636ea"
"women_tshirt6.webp","frontend/public/images/women/tshirt/women_tshirt6.webp",".webp",44.77,"678435a2c3b57e90dba0f17e7b835a14"
"10-corso-como.webp","frontend/src/assets/brands/banner/10-corso-como/10-corso-como.webp",".webp",16.89,"78c3239a6925bc36962142e75e034fc2"
"10-corso-como2.webp","frontend/src/assets/brands/banner/10-corso-como/10-corso-como2.webp",".webp",74.95,"06a73252998f9529314d1c1bb6f14550"
"8seconds.webp","frontend/src/assets/brands/banner/8seconds/8seconds.webp",".webp",51.21,"bc836e26c67548a01dc1518e5d6bc7a8"
"8seconds2.webp","frontend/src/assets/brands/banner/8seconds/8seconds2.webp",".webp",34.82,"f2404ccb9f10db49319fc3f53734fb04"
"8seconds3.webp","frontend/src/assets/brands/banner/8seconds/8seconds3.webp",".webp",89.84,"710b3e78cc0bebb1095a0f62a93b3150"
"8seconds4.webp","frontend/src/assets/brands/banner/8seconds/8seconds4.webp",".webp",29.31,"dc8bd3d66320237f2a3f086a1d245802"
"8seconds5.webp","frontend/src/assets/brands/banner/8seconds/8seconds5.webp",".webp",76.58,"4a8dac48c9e5217c67d82adf6e72c569"
"8seconds6.webp","frontend/src/assets/brands/banner/8seconds/8seconds6.webp",".webp",143.63,"6a2a2f66fe051db660055de1d61bd037"
"8seconds7.webp","frontend/src/assets/brands/banner/8seconds/8seconds7.webp",".webp",47.81,"12264fe4522490bafdbc55c7e60dd321"
"ami.webp","frontend/src/assets/brands/banner/ami/ami.webp",".webp",118.47,"4d62026c5d082129aa60b30bd8265232"
"aspesi.webp","frontend/src/assets/brands/banner/aspesi/aspesi.webp",".webp",176.23,"259180528f7fa761812fbfd224d3eead"
"beaker.webp","frontend/src/assets/brands/banner/beaker/beaker.webp",".webp",48.48,"f4db3ab40f16aee043604f621f5f5bce"
"beaker2.webp","frontend/src/assets/brands/banner/beaker/beaker2.webp",".webp",30.79,"af17baf87d780ae62b5b354ad2a84670"
"beanpole.webp","frontend/src/assets/brands/banner/beanpole/beanpole.webp",".webp",203.59,"4f80b108096e330cc6d33c8f0b346aba"
"beanpole2.webp","frontend/src/assets/brands/banner/beanpole/beanpole2.webp",".webp",392.89,"71243e04e2ef027f4f6f62f877913275"
"beanpole3.webp","frontend/src/assets/brands/banner/beanpole/beanpole3.webp",".webp",77.69,"05aa2d7155e20aa479351697ab5f23c8"
"bebedepino.webp","frontend/src/assets/brands/banner/bebedepino/bebedepino.webp",".webp",45.3,"aef73dc1344f6343b9fa6caead0ac983"
"canada-goose.webp","frontend/src/assets/brands/banner/canada-goose/canada-goose.webp",".webp",57.35,"e2faf4a0f04351a6ac49afbbdd2ca6d8"
"comme-des-garcons.webp","frontend/src/assets/brands/banner/comme-des-garcons/comme-des-garcons.webp",".webp",287.07,"52d3feaa2d65bac01e8a7b48f627506e"
"comme-des-garcons2.webp","frontend/src/assets/brands/banner/comme-des-garcons/comme-des-garcons2.webp",".webp",316.73,"8fdcd839b9af300ee710001549db6748"
"cos.webp","frontend/src/assets/brands/banner/cos/cos.webp",".webp",81.92,"5a4a8b6e4784a9d935cb66a687c8b88a"
"danton.webp","frontend/src/assets/brands/banner/danton/danton.webp",".webp",177.93,"da758f09ec5ef020558cb351c9831380"
"fitflop.webp","frontend/src/assets/brands/banner/fitflop/fitflop.webp",".webp",39.6,"bf92a1ffd8fd121f9a3ae89375dc4d0a"
"footjoy.webp","frontend/src/assets/brands/banner/footjoy/footjoy.webp",".webp",416.68,"204b30d287610fbc09c828657d0e903b"
"galaxy.webp","frontend/src/assets/brands/banner/galaxy/galaxy.webp",".webp",44.23,"26bfe3939e9de02e2200391753748464"
"galaxy2.webp","frontend/src/assets/brands/banner/galaxy/galaxy2.webp",".webp",180.41,"e13ae406f101880cb3073d10de7b6ad6"
"galaxy3.webp","frontend/src/assets/brands/banner/galaxy/galaxy3.webp",".webp",168.74,"4e756352f5ff259474ba814c117f08ba"
"ganni.webp","frontend/src/assets/brands/banner/ganni/ganni.webp",".webp",48.01,"d20db4c26f69ca55de0c7dced2c4d934"
"ganni2.webp","frontend/src/assets/brands/banner/ganni/ganni2.webp",".webp",91.99,"0a7e0bbb0273c755d8dcd1edb198feb4"
"general-idea.webp","frontend/src/assets/brands/banner/general-idea/general-idea.webp",".webp",407.62,"5bab76bd58829d4e386ea90d6939a515"
"hera.webp","frontend/src/assets/brands/banner/hera/hera.webp",".webp",23.74,"d8192f1765996534ecfb8b50f63bfccc"
"issey-miyake.webp","frontend/src/assets/brands/banner/issey-miyake/issey-miyake.webp",".webp",68.39,"7c970eb68a9472a05fd41c2a5608981b"
"issey-miyake2.webp","frontend/src/assets/brands/banner/issey-miyake/issey-miyake2.webp",".webp",171.99,"819105ee931084848d4c2a8db5edfccd"
"issey-miyake3.webp","frontend/src/assets/brands/banner/issey-miyake/issey-miyake3.webp",".webp",47.72,"477176689f0a1984c024f5d9a84e38d3"
"issey-miyake4.webp","frontend/src/assets/brands/banner/issey-miyake/issey-miyake4.webp",".webp",133.06,"0c4ac1c0b19c5f9433b274dec708f109"
"it-michaa.webp","frontend/src/assets/brands/banner/it-michaa/it-michaa.webp",".webp",131.93,"851d9b2aad11deb457f54242cda50a97"
"it-michaa2.webp","frontend/src/assets/brands/banner/it-michaa/it-michaa2.webp",".webp",218.39,"622843a24c3e8556e55b40a20bb7de06"
"juunj.webp","frontend/src/assets/brands/banner/juunj/juunj.webp",".webp",36.11,"9d87d331b0a76eaf4a7d63bc916f3509"
"juunj2.webp","frontend/src/assets/brands/banner/juunj/juunj2.webp",".webp",81.27,"5182169db0eb9fe9d559c422145624a6"
"juunj3.webp","frontend/src/assets/brands/banner/juunj/juunj3.webp",".webp",389.23,"48b77a2e9d46ac72ad4690f2fd0aa4c8"
"kuho.webp","frontend/src/assets/brands/banner/kuho/kuho.webp",".webp",28.46,"65a405ebee5a5781ff7453509a929d52"
"kuho2.webp","frontend/src/assets/brands/banner/kuho/kuho2.webp",".webp",60.61,"27008c1bde7d5afbffde784a338719b3"
"kuho3.webp","frontend/src/assets/brands/banner/kuho/kuho3.webp",".webp",45.84,"6a395420e4de13b12546ef1838eee8a5"
"kuho4.webp","frontend/src/assets/brands/banner/kuho/kuho4.webp",".webp",50.2,"e26bd2027cce2f2dfe014bd982e8cb4a"
"kuho-plus.webp","frontend/src/assets/brands/banner/kuho-plus/kuho-plus.webp",".webp",305.88,"c47ea5f75350b156b9bf126843f1e6fe"
"kuho-plus2.webp","frontend/src/assets/brands/banner/kuho-plus/kuho-plus2.webp",".webp",186.96,"511774df3897d7ed50561aa806923a22"
"kuho-plus3.webp","frontend/src/assets/brands/banner/kuho-plus/kuho-plus3.webp",".webp",304.53,"96aec4e0b19f21bacda75b3ebf86d231"
"lemaire.webp","frontend/src/assets/brands/banner/lemaire/lemaire.webp",".webp",58.73,"1373d0c2fc38749e5a76ba879dcf8ef2"
"lemaire2.webp","frontend/src/assets/brands/banner/lemaire/lemaire2.webp",".webp",84.63,"f10e5f792bb14fc161387630dff47c00"
"lemaire3.webp","frontend/src/assets/brands/banner/lemaire/lemaire3.webp",".webp",107.45,"1cab75aef066f2cb0efddf9d365d5a92"
"lemaire4.webp","frontend/src/assets/brands/banner/lemaire/lemaire4.webp",".webp",104.32,"06dcc3d47b8330e06ad2cfba307159b4"
"maison-kitsune.webp","frontend/src/assets/brands/banner/maison-kitsune/maison-kitsune.webp",".webp",179.22,"1a793d90d2c71dce08d9fd451ce70461"
"maison-kitsune2.webp","frontend/src/assets/brands/banner/maison-kitsune/maison-kitsune2.webp",".webp",87.92,"a980d1bb48887235c678e3e1b95f4c05"
"patagonia.webp","frontend/src/assets/brands/banner/patagonia/patagonia.webp",".webp",182.36,"66d75541a91661c20bd3ffcc6795c7fe"
"r2w.webp","frontend/src/assets/brands/banner/r2w/r2w.webp",".webp",40.26,"40ffc52b180a5368f438c054852e51a6"
"rag-and-bone.webp","frontend/src/assets/brands/banner/rag-and-bone/rag-and-bone.webp",".webp",109.05,"a7d365e6de78de27d8dc37d70ed26c31"
"rag-and-bone2.webp","frontend/src/assets/brands/banner/rag-and-bone/rag-and-bone2.webp",".webp",97.58,"c5fcb80f1ef20c458cdd41abcca5dfee"
"rag-and-bone3.webp","frontend/src/assets/brands/banner/rag-and-bone/rag-and-bone3.webp",".webp",208.57,"6b6856ff8927d114d9579a13668c40cd"
"rag-and-bone4.webp","frontend/src/assets/brands/banner/rag-and-bone/rag-and-bone4.webp",".webp",172.71,"131485789cfc845ad17342cffdaca188"
"rogatis.webp","frontend/src/assets/brands/banner/rogatis/rogatis.webp",".webp",86.23,"77d3ae16af57ba381f83d980379581a7"
"rogatis2.webp","frontend/src/assets/brands/banner/rogatis/rogatis2.webp",".webp",18.11,"9993d2743413b5a8e89e26a57284dc46"
"rogatis3.webp","frontend/src/assets/brands/banner/rogatis/rogatis3.webp",".webp",41.72,"49c9033f88d504883020513952b58789"
"saint-james.webp","frontend/src/assets/brands/banner/saint-james/saint-james.webp",".webp",228.07,"4aead232a1a844b548e462f852a5f3a6"
"saint-james2.webp","frontend/src/assets/brands/banner/saint-james/saint-james2.webp",".webp",205.74,"4a8f1bbc919b2e53144738c2e436be9f"
"sand-sound.webp","frontend/src/assets/brands/banner/sand-sound/sand-sound.webp",".webp",287.07,"5b91d31e355c90307eb4401d56bb54bf"
"sand-sound2.webp","frontend/src/assets/brands/banner/sand-sound/sand-sound2.webp",".webp",125.06,"fd221effad356307a06748a1b9544c24"
"sand-sound3.webp","frontend/src/assets/brands/banner/sand-sound/sand-sound3.webp",".webp",91.49,"935be3c096df82f2d0e616065cad005d"
"sand-sound4.webp","frontend/src/assets/brands/banner/sand-sound/sand-sound4.webp",".webp",1158.03,"8f6aa2d6b761bcfcb1dd5ab4e3270c68"
"sie.webp","frontend/src/assets/brands/banner/sie/sie.webp",".webp",33.51,"7194918b76094ee84e226f45a92c6c77"
"the-aperture.webp","frontend/src/assets/brands/banner/the-aperture/the-aperture.webp",".webp",48.21,"863a85c836f1b97d84c3cb6e9bd734b6"
"the-aperture2.webp","frontend/src/assets/brands/banner/the-aperture/the-aperture2.webp",".webp",188.93,"eae584a87ad006dae668a53317cf4ed2"
"the-aperture3.webp","frontend/src/assets/brands/banner/the-aperture/the-aperture3.webp",".webp",68.05,"5bcf77d0cf80c48a185cba2c0624fcb0"
"theory.webp","frontend/src/assets/brands/banner/theory/theory.webp",".webp",49.23,"d33f6f9cb80bcca7ea562caf51e8004c"
"theory2.webp","frontend/src/assets/brands/banner/theory/theory2.webp",".webp",98.1,"c8def6ce3495e88feea507b3f8e9eb7f"
"brand_ami.webp","frontend/src/assets/brands/brand_ami.webp",".webp",0.94,"1e56384db90b2e8cf1c1ba13950c004e"
"brand_beaker.webp","frontend/src/assets/brands/brand_beaker.webp",".webp",1.31,"e84e9298ab285d260f7ccc0121220598"
"brand_beanpole.webp","frontend/src/assets/brands/brand_beanpole.webp",".webp",1.33,"85e5658cecb475845ee08d6801125d47"
"brand_canada-goose.webp","frontend/src/assets/brands/brand_canada-goose.webp",".webp",1.01,"0ce39819474c7d7a489a35b47e3741c1"
"brand_cie.webp","frontend/src/assets/brands/brand_cie.webp",".webp",0.58,"bbc05c247d514b8667bcb24358b58f7a"
"brand_comme-des-garcons.webp","frontend/src/assets/brands/brand_comme-des-garcons.webp",".webp",2.41,"d8fc975a12639e10dd7f5dc8ddfb53bb"
"brand_cos.webp","frontend/src/assets/brands/brand_cos.webp",".webp",3.22,"cc67d3ea42d291cd67517867733bf50a"
"brand_danton.webp","frontend/src/assets/brands/brand_danton.webp",".webp",1.7,"a3b64e039fc247e489475f8e6b8b32a1"
"brand_departure.webp","frontend/src/assets/brands/brand_departure.webp",".webp",1,"7273642f60d56de530c6631280ba9adc"
"brand_eight-seconds.webp","frontend/src/assets/brands/brand_eight-seconds.webp",".webp",1.78,"1ff9728969873508f3726f5bd56de596"
"brand_fitflop.webp","frontend/src/assets/brands/brand_fitflop.webp",".webp",0.83,"4c4c5bb93b3c3ecdb9d735348c12047b"
"brand_galaxy-lifestyle.webp","frontend/src/assets/brands/brand_galaxy-lifestyle.webp",".webp",1.99,"3c11baf074e9277de3e109f027a7d7ee"
"brand_galaxy.webp","frontend/src/assets/brands/brand_galaxy.webp",".webp",0.99,"62cd6bbe22576f23c7b15a79ebfc2eb0"
"brand_ganni.webp","frontend/src/assets/brands/brand_ganni.webp",".webp",1.09,"862171865f119b035cd9fa64b746374e"
"brand_general-idea.webp","frontend/src/assets/brands/brand_general-idea.webp",".webp",0.76,"3af949a3bb4cebfa2f1f58d133d5c81f"
"brand_hera.webp","frontend/src/assets/brands/brand_hera.webp",".webp",0.67,"54bc254bc1c9fb4f23d743d92cfbeb3f"
"brand_inew-golf.webp","frontend/src/assets/brands/brand_inew-golf.webp",".webp",0.87,"a9c2251272e6a718685ba40e5c16730e"
"brand_issey-miyake.webp","frontend/src/assets/brands/brand_issey-miyake.webp",".webp",1.86,"bacf4c61e108e06578e2fab746cc1bf2"
"brand_juunj.webp","frontend/src/assets/brands/brand_juunj.webp",".webp",0.82,"226b0476b250b5b2fde8ed99fd483744"
"brand_kuho-plus.webp","frontend/src/assets/brands/brand_kuho-plus.webp",".webp",1.44,"50882acc82ad44811c23b9dd341e87f4"
"brand_kuho.webp","frontend/src/assets/brands/brand_kuho.webp",".webp",1.44,"50882acc82ad44811c23b9dd341e87f4"
"brand_le-mouton.webp","frontend/src/assets/brands/brand_le-mouton.webp",".webp",1.3,"8ce168540b7abfb93735cb381c89f9b0"
"brand_lemaire.webp","frontend/src/assets/brands/brand_lemaire.webp",".webp",1.03,"6dcf109f32fa1c7a80bed6f71412ad5d"
"brand_maison-kitsune.webp","frontend/src/assets/brands/brand_maison-kitsune.webp",".webp",1.96,"3d8995f3ec4da5d1ec1d74a72c60b89f"
"brand_patagonia.webp","frontend/src/assets/brands/brand_patagonia.webp",".webp",1.36,"baeb5dd52e8e6ae31dd897040440903a"
"brand_rag-and-bone.webp","frontend/src/assets/brands/brand_rag-and-bone.webp",".webp",1.73,"ed7b2d4f35d73d908bbdf7a4a41384e1"
"brand_rebaige.webp","frontend/src/assets/brands/brand_rebaige.webp",".webp",0.98,"2de693fcb2819b02eeb657dd10e026e8"
"brand_rogatis.webp","frontend/src/assets/brands/brand_rogatis.webp",".webp",1,"7273642f60d56de530c6631280ba9adc"
"brand_saint-james.webp","frontend/src/assets/brands/brand_saint-james.webp",".webp",0.92,"95ac05c981ea4e4c3126ae9db8f891bf"
"brand_sand-sound.webp","frontend/src/assets/brands/brand_sand-sound.webp",".webp",1.86,"86c2b2a401eaef5cdb6f515652114869"
"brand_sporty-and-rich.webp","frontend/src/assets/brands/brand_sporty-and-rich.webp",".webp",1.57,"fa2a4f64d36e5542f0cb63af09677f23"
"brand_ten-corso-como.webp","frontend/src/assets/brands/brand_ten-corso-como.webp",".webp",4.82,"b013904da6d8887fff6e7010779e008e"
"brand_theory.webp","frontend/src/assets/brands/brand_theory.webp",".webp",0.96,"211cce62f4d6c502215bfae47d7a534e"
"brand_tommy-hilfiger.webp","frontend/src/assets/brands/brand_tommy-hilfiger.webp",".webp",0.93,"20864a63628426e012c6ec0e27ec1992"
"brand_tory-burch.webp","frontend/src/assets/brands/brand_tory-burch.webp",".webp",17.14,"409a47df2b5ee51f7bfe3f89401c3e73"
"logo.svg","frontend/src/logo.svg",".svg",2.57,"06e733283fa43d1dd57738cfc409adbd"